date,country,revenue
2024-01-01,Australia,428.25
2024-01-02,Australia,649.72
2024-01-03,Australia,476.45
2024-01-04,Australia,461.55999999999995
2024-01-05,Australia,399.83000000000004
2024-01-06,Australia,226.01999999999998
2024-01-07,Australia,530.82
2024-01-08,Australia,436.41
2024-01-09,Australia,450.57
2024-01-10,Australia,388.71000000000004
2024-01-11,Australia,316.13
2024-01-12,Australia,384.11
2024-01-13,Australia,376.8
2024-01-14,Australia,468.89
2024-01-15,Australia,322.42
2024-01-16,Australia,406.33
2024-01-17,Australia,441.17
2024-01-18,Australia,400.49
2024-01-19,Australia,406.82
2024-01-20,Australia,270.88
2024-01-21,Australia,460.38
2024-01-22,Australia,547.3000000000001
2024-01-23,Australia,580.02
2024-01-24,Australia,382.82
2024-01-25,Australia,503.41999999999996
2024-01-26,Australia,486.69
2024-01-27,Australia,432.37
2024-01-28,Australia,430.45
2024-01-29,Australia,373.15999999999997
2024-01-30,Australia,533.22
2024-01-31,Australia,527.78
2024-02-01,Australia,497.46000000000004
2024-02-02,Australia,441.79
2024-02-03,Australia,486.88
2024-02-04,Australia,353.03
2024-02-05,Australia,366.43
2024-02-06,Australia,433.61
2024-02-07,Australia,373.5
2024-02-08,Australia,452.3
2024-02-09,Australia,584.14
2024-02-10,Australia,367.2
2024-02-11,Australia,436.28
2024-02-12,Australia,505.77
2024-02-13,Australia,239.04
2024-02-14,Australia,459.86
2024-02-15,Australia,429.88
2024-02-16,Australia,421.58
2024-02-17,Australia,398.25
2024-02-18,Australia,420.54
2024-02-19,Australia,520.86
2024-02-20,Australia,413.43
2024-02-21,Australia,530.34
2024-02-22,Australia,530.23
2024-02-23,Australia,557.48
2024-02-24,Australia,449.73
2024-02-25,Australia,484.82
2024-02-26,Australia,316.03999999999996
2024-02-27,Australia,569.78
2024-02-28,Australia,473.69
2024-02-29,Australia,426.53000000000003
2024-03-01,Australia,462.65
2024-03-02,Australia,350.56
2024-03-03,Australia,521.24
2024-03-04,Australia,322.89
2024-03-05,Australia,608.98
2024-03-06,Australia,630.3199999999999
2024-03-07,Australia,535.26
2024-03-08,Australia,496.99
2024-03-09,Australia,465.99
2024-03-10,Australia,443.68
2024-03-11,Australia,528.74
2024-03-12,Australia,283.36
2024-03-13,Australia,548.24
2024-03-14,Australia,535.27
2024-03-15,Australia,595.4
2024-03-16,Australia,437.26
2024-03-17,Australia,455.72
2024-03-18,Australia,560.83
2024-03-19,Australia,458.54999999999995
2024-03-20,Australia,423.53999999999996
2024-03-21,Australia,531.83
2024-03-22,Australia,594.1
2024-03-23,Australia,368.57
2024-03-24,Australia,384.35
2024-03-25,Australia,442.03
2024-03-26,Australia,627.4200000000001
2024-03-27,Australia,389.9
2024-03-28,Australia,475.09
2024-03-29,Australia,602.59
2024-03-30,Australia,465.37
2024-03-31,Australia,471.92
2024-04-01,Australia,599.54
2024-04-02,Australia,522.15
2024-04-03,Australia,530.19
2024-04-04,Australia,357.2
2024-04-05,Australia,494.02
2024-04-06,Australia,300.65
2024-04-07,Australia,469.76
2024-04-08,Australia,423.83000000000004
2024-04-09,Australia,407.56
2024-04-10,Australia,634.98
2024-04-11,Australia,614.5799999999999
2024-04-12,Australia,566.09
2024-04-13,Australia,611.96
2024-04-14,Australia,555.6800000000001
2024-07-29,Australia,615.9300000000001
2024-07-30,Australia,488.74
2024-07-31,Australia,584.98
2024-08-01,Australia,471.89
2024-08-02,Australia,510.67
2024-08-03,Australia,471.84
2024-08-04,Australia,464.73
2024-08-05,Australia,468.95
2024-08-06,Australia,459.83
2024-08-07,Australia,512.74
2024-08-08,Australia,446.58000000000004
2024-08-09,Australia,391.59
2024-08-10,Australia,333.76
2024-08-11,Australia,354.31
2024-08-12,Australia,502.46999999999997
2024-08-13,Australia,519.0799999999999
2024-08-14,Australia,484.54
2024-08-15,Australia,564.22
2024-08-16,Australia,477.17
2024-08-17,Australia,291.32
2024-08-18,Australia,410.82
2024-08-19,Australia,571.45
2024-08-20,Australia,443.24
2024-08-21,Australia,373.11
2024-08-22,Australia,420.84000000000003
2024-08-23,Australia,413.7
2024-08-24,Australia,436.75
2024-08-25,Australia,432.73
2024-08-26,Australia,558.54
2024-08-27,Australia,559.91
2024-08-28,Australia,319.59000000000003
2024-08-29,Australia,305.34
2024-08-30,Australia,453.89
2024-08-31,Australia,364.41
2024-09-01,Australia,538.01
2024-09-02,Australia,473.28000000000003
2024-09-03,Australia,464.1
2024-09-04,Australia,484.67
2024-09-05,Australia,477.23
2024-09-06,Australia,374.65999999999997
2024-09-07,Australia,413.28999999999996
2024-09-08,Australia,329.11
2024-09-09,Australia,548.37
2024-09-10,Australia,428.83000000000004
2024-09-11,Australia,512.27
2024-09-12,Australia,312.99
2024-09-13,Australia,412.21
2024-09-14,Australia,350.71
2024-09-15,Australia,405.32
2024-09-16,Australia,575.56
2024-09-17,Australia,509.97999999999996
2024-09-18,Australia,428.09
2024-09-19,Australia,596.0699999999999
2024-09-20,Australia,466.8
2024-09-21,Australia,371.63
2024-09-22,Australia,348.32
2024-09-23,Australia,533.12
2024-09-24,Australia,510.15
2024-09-25,Australia,508.06
2024-09-26,Australia,542.79
2024-09-27,Australia,669.39
2024-09-28,Australia,544.1700000000001
2024-09-29,Australia,356.9
2024-09-30,Australia,459.41
2024-10-01,Australia,491.96999999999997
2024-10-02,Australia,539.43
2024-10-03,Australia,324.64
2024-10-04,Australia,376.84999999999997
2024-10-05,Australia,408.8
2024-10-06,Australia,338.28
2024-10-07,Australia,428.94
2024-10-08,Australia,343.11
2024-10-09,Australia,552.31
2024-10-10,Australia,583.56
2024-10-11,Australia,298.56
2024-10-12,Australia,472.36
2024-10-13,Australia,458.41999999999996
2024-10-14,Australia,449.03999999999996
2024-10-15,Australia,338.11
2024-10-16,Australia,291.46000000000004
2024-10-17,Australia,518.09
2024-10-18,Australia,545.3000000000001
2024-10-19,Australia,600.72
2024-10-20,Australia,488.56
2024-10-21,Australia,453.35999999999996
2024-10-22,Australia,602.12
2024-10-23,Australia,395.24
2024-10-24,Australia,391.21000000000004
2024-10-25,Australia,589.2
2024-10-26,Australia,435.36
2024-10-27,Australia,321.86
2024-10-28,Australia,264.90999999999997
2024-10-29,Australia,475.68
2024-10-30,Australia,588.47
2024-10-31,Australia,351.29
2024-11-01,Australia,316.66999999999996
2024-11-02,Australia,266.55
2024-11-03,Australia,494.52
2024-11-04,Australia,443.96999999999997
2024-11-05,Australia,362.12
2024-11-06,Australia,464.98
2024-11-07,Australia,456.78999999999996
2024-11-08,Australia,486.04
2024-11-09,Australia,204.04
2024-11-10,Australia,453.73999999999995
2024-11-11,Australia,475.53999999999996
2024-11-12,Australia,502.76
2024-11-13,Australia,443.21999999999997
2024-11-14,Australia,426.86
2024-11-15,Australia,564.8
2024-11-16,Australia,371.73
2024-11-17,Australia,468.51
2024-11-18,Australia,439.54
2024-11-19,Australia,422.84
2024-11-20,Australia,599.77
2024-11-21,Australia,764.55
2024-11-22,Australia,372.1
2024-11-23,Australia,345.42
2024-11-24,Australia,402.61
2024-11-25,Australia,469.53
2024-11-26,Australia,486.64
2024-11-27,Australia,509.08000000000004
2024-11-28,Australia,577.72
2024-11-29,Australia,518.88
2024-11-30,Australia,718.0600000000001
2024-12-01,Australia,466.59999999999997
2024-12-02,Australia,605.83
2024-12-03,Australia,469.18
2024-12-04,Australia,362.7
2024-12-05,Australia,502.31
2024-12-06,Australia,488.9
2024-12-07,Australia,413.28
2024-12-08,Australia,423.9
2024-12-09,Australia,356.01
2024-12-10,Australia,647.04
2024-12-11,Australia,745.1800000000001
2024-12-12,Australia,472.39
2024-12-13,Australia,389.86
2024-12-14,Australia,416.33000000000004
2024-12-15,Australia,519.37
2024-12-16,Australia,419.5
2024-12-17,Australia,677.49
2024-12-18,Australia,565.54
2024-12-19,Australia,540.7
2024-12-20,Australia,457.39
2024-12-21,Australia,441.5
2024-12-22,Australia,369.12
2024-12-23,Australia,643.52
2024-12-24,Australia,450.28
2024-12-25,Australia,491.45
2024-12-26,Australia,552.16
2024-12-27,Australia,607.4300000000001
2024-12-28,Australia,341.77
2024-12-29,Australia,428.85
2024-12-30,Australia,640.87
2024-12-31,Australia,385.08
2025-01-01,Australia,691.75
2025-01-02,Australia,544.82
2025-01-03,Australia,572.37
2025-01-04,Australia,367.07
2025-01-05,Australia,427.11
2025-01-06,Australia,514.16
2025-01-07,Australia,709.38
2025-01-08,Australia,373.64
2025-01-09,Australia,409.65999999999997
2025-01-10,Australia,602.39
2025-01-11,Australia,502.3
2025-01-12,Australia,541.39
2025-01-13,Australia,271.56
2025-01-14,Australia,674.7
2025-01-15,Australia,544.66
2025-01-16,Australia,515.12
2025-01-17,Australia,580.36
2025-01-18,Australia,322.8
2025-01-19,Australia,569.95
2025-01-20,Australia,570.87
2025-01-21,Australia,638.08
2025-01-22,Australia,506.56
2025-01-23,Australia,466.02
2025-01-24,Australia,624.8199999999999
2025-01-25,Australia,391.33000000000004
2025-01-26,Australia,553.25
2025-01-27,Australia,746.0699999999999
2025-01-28,Australia,267.95
2025-01-29,Australia,520.46
2025-01-30,Australia,437.58000000000004
2025-01-31,Australia,573.89
2025-02-01,Australia,472.87
2025-02-02,Australia,552.88
2025-02-03,Australia,433.16
2025-02-04,Australia,540.65
2025-02-05,Australia,474.28
2025-02-06,Australia,556.29
2025-02-07,Australia,620.6
2025-02-08,Australia,577.03
2025-02-09,Australia,357.65
2025-02-10,Australia,519.25
2025-02-11,Australia,568.03
2025-02-12,Australia,363.83
2025-02-13,Australia,447.24
2025-02-14,Australia,521.19
2025-02-15,Australia,520.4300000000001
2025-02-16,Australia,393.95
2025-02-17,Australia,564.11
2025-02-18,Australia,627.9200000000001
2025-02-19,Australia,421.32
2025-02-20,Australia,649.6899999999999
2025-02-21,Australia,658.3299999999999
2025-02-22,Australia,561.6800000000001
2025-02-23,Australia,501.76
2024-01-01,Canada,400.37
2024-01-02,Canada,469.61
2024-01-03,Canada,487.40999999999997
2024-01-04,Canada,373.43
2024-01-05,Canada,502.94
2024-01-06,Canada,254.48000000000002
2024-01-07,Canada,219.93
2024-01-08,Canada,270.79
2024-01-09,Canada,299.16999999999996
2024-01-10,Canada,312.35
2024-01-11,Canada,342.26
2024-01-12,Canada,358.25
2024-01-13,Canada,365.41
2024-01-14,Canada,283.03
2024-01-15,Canada,193.27
2024-01-16,Canada,350.82
2024-01-17,Canada,401.67
2024-01-18,Canada,349.73
2024-01-19,Canada,370.3
2024-01-20,Canada,227.42000000000002
2024-01-21,Canada,231.13
2024-01-22,Canada,383.38
2024-01-23,Canada,175.88
2024-01-24,Canada,313.03000000000003
2024-01-25,Canada,263.23
2024-01-26,Canada,544.61
2024-01-27,Canada,439.27000000000004
2024-01-28,Canada,344.17
2024-01-29,Canada,469.71000000000004
2024-01-30,Canada,288.8
2024-01-31,Canada,511.66
2024-02-01,Canada,292.3
2024-02-02,Canada,303.92
2024-02-03,Canada,408.54
2024-02-04,Canada,283.77
2024-02-05,Canada,281.59000000000003
2024-02-06,Canada,251.59
2024-02-07,Canada,471.08
2024-02-08,Canada,319.78
2024-02-09,Canada,251.45000000000002
2024-02-10,Canada,335.43
2024-02-11,Canada,379.95
2024-02-12,Canada,310.16999999999996
2024-02-13,Canada,337.95
2024-02-14,Canada,334.91
2024-02-15,Canada,367.96
2024-02-16,Canada,366.52
2024-02-17,Canada,406.36
2024-02-18,Canada,365.95
2024-02-19,Canada,481.97
2024-02-20,Canada,417.96000000000004
2024-02-21,Canada,564.4300000000001
2024-02-22,Canada,376.4
2024-02-23,Canada,438.46
2024-02-24,Canada,249.57999999999998
2024-02-25,Canada,355.96000000000004
2024-02-26,Canada,484.85
2024-02-27,Canada,431.47
2024-02-28,Canada,498.31
2024-02-29,Canada,519.47
2024-03-01,Canada,419.65999999999997
2024-03-02,Canada,415.33
2024-03-03,Canada,341.96000000000004
2024-03-04,Canada,515.4499999999999
2024-03-05,Canada,522.89
2024-03-06,Canada,414.39
2024-03-07,Canada,362.41999999999996
2024-03-08,Canada,357.17
2024-03-09,Canada,296.83
2024-03-10,Canada,297.57
2024-03-11,Canada,267.88
2024-03-12,Canada,315.89
2024-03-13,Canada,418.31
2024-03-14,Canada,271.02
2024-03-15,Canada,157.92000000000002
2024-03-16,Canada,393.47
2024-03-17,Canada,257.53000000000003
2024-03-18,Canada,343.03
2024-03-19,Canada,350.32
2024-03-20,Canada,370.63
2024-03-21,Canada,500.15
2024-03-22,Canada,286.9
2024-03-23,Canada,318.6
2024-03-24,Canada,376.0
2024-03-25,Canada,406.61
2024-03-26,Canada,482.64
2024-03-27,Canada,448.04
2024-03-28,Canada,464.9
2024-03-29,Canada,385.91999999999996
2024-03-30,Canada,330.48
2024-03-31,Canada,427.91999999999996
2024-04-01,Canada,466.56
2024-04-02,Canada,411.01
2024-04-03,Canada,363.68
2024-04-04,Canada,366.24
2024-04-05,Canada,327.90999999999997
2024-04-06,Canada,368.35
2024-04-07,Canada,307.74
2024-04-08,Canada,458.04
2024-04-09,Canada,423.39
2024-04-10,Canada,456.24
2024-04-11,Canada,268.06
2024-04-12,Canada,239.98999999999998
2024-04-13,Canada,369.3
2024-04-14,Canada,379.72
2024-07-29,Canada,476.62
2024-07-30,Canada,479.46999999999997
2024-07-31,Canada,387.98
2024-08-01,Canada,381.15
2024-08-02,Canada,456.32
2024-08-03,Canada,425.86
2024-08-04,Canada,340.2
2024-08-05,Canada,320.96999999999997
2024-08-06,Canada,505.14
2024-08-07,Canada,240.44
2024-08-08,Canada,347.64
2024-08-09,Canada,352.08
2024-08-10,Canada,466.90999999999997
2024-08-11,Canada,215.69
2024-08-12,Canada,223.08
2024-08-13,Canada,425.56
2024-08-14,Canada,384.90999999999997
2024-08-15,Canada,379.14
2024-08-16,Canada,226.47
2024-08-17,Canada,220.38
2024-08-18,Canada,333.02
2024-08-19,Canada,439.82000000000005
2024-08-20,Canada,411.96999999999997
2024-08-21,Canada,288.78999999999996
2024-08-22,Canada,327.63
2024-08-23,Canada,312.27
2024-08-24,Canada,358.82
2024-08-25,Canada,324.2
2024-08-26,Canada,286.88
2024-08-27,Canada,408.56
2024-08-28,Canada,443.98
2024-08-29,Canada,351.55
2024-08-30,Canada,333.99
2024-08-31,Canada,360.25
2024-09-01,Canada,262.52
2024-09-02,Canada,326.71
2024-09-03,Canada,421.35
2024-09-04,Canada,368.88
2024-09-05,Canada,430.38
2024-09-06,Canada,312.22
2024-09-07,Canada,318.33
2024-09-08,Canada,444.19
2024-09-09,Canada,309.31
2024-09-10,Canada,339.97
2024-09-11,Canada,339.40000000000003
2024-09-12,Canada,354.37
2024-09-13,Canada,353.09999999999997
2024-09-14,Canada,237.45000000000002
2024-09-15,Canada,313.95
2024-09-16,Canada,368.12
2024-09-17,Canada,396.02
2024-09-18,Canada,348.48
2024-09-19,Canada,502.11
2024-09-20,Canada,324.79
2024-09-21,Canada,317.79
2024-09-22,Canada,285.44
2024-09-23,Canada,314.65
2024-09-24,Canada,419.73
2024-09-25,Canada,430.55
2024-09-26,Canada,395.51
2024-09-27,Canada,266.22
2024-09-28,Canada,316.1
2024-09-29,Canada,361.54
2024-09-30,Canada,516.5500000000001
2024-10-01,Canada,464.72
2024-10-02,Canada,452.39
2024-10-03,Canada,266.37
2024-10-04,Canada,476.18
2024-10-05,Canada,336.32
2024-10-06,Canada,245.63
2024-10-07,Canada,421.14
2024-10-08,Canada,314.86
2024-10-09,Canada,394.36
2024-10-10,Canada,277.15999999999997
2024-10-11,Canada,282.57
2024-10-12,Canada,259.54
2024-10-13,Canada,308.61
2024-10-14,Canada,307.65
2024-10-15,Canada,248.69
2024-10-16,Canada,299.87
2024-10-17,Canada,407.01
2024-10-18,Canada,308.06
2024-10-19,Canada,329.91
2024-10-20,Canada,336.78000000000003
2024-10-21,Canada,188.02
2024-10-22,Canada,452.27
2024-10-23,Canada,448.07
2024-10-24,Canada,421.28999999999996
2024-10-25,Canada,436.43
2024-10-26,Canada,203.26999999999998
2024-10-27,Canada,263.35
2024-10-28,Canada,454.13
2024-10-29,Canada,408.75
2024-10-30,Canada,382.19
2024-10-31,Canada,575.3
2024-11-01,Canada,311.58
2024-11-02,Canada,293.65
2024-11-03,Canada,328.49
2024-11-04,Canada,377.56
2024-11-05,Canada,410.63
2024-11-06,Canada,453.76
2024-11-07,Canada,467.57
2024-11-08,Canada,383.11
2024-11-09,Canada,238.35999999999999
2024-11-10,Canada,308.58
2024-11-11,Canada,343.88
2024-11-12,Canada,335.99
2024-11-13,Canada,497.4
2024-11-14,Canada,467.99
2024-11-15,Canada,434.08000000000004
2024-11-16,Canada,290.25
2024-11-17,Canada,205.71
2024-11-18,Canada,390.61
2024-11-19,Canada,306.12
2024-11-20,Canada,529.88
2024-11-21,Canada,391.97
2024-11-22,Canada,436.52
2024-11-23,Canada,499.87
2024-11-24,Canada,263.96999999999997
2024-11-25,Canada,574.4
2024-11-26,Canada,343.0
2024-11-27,Canada,392.07
2024-11-28,Canada,331.45
2024-11-29,Canada,561.64
2024-11-30,Canada,254.57999999999998
2024-12-01,Canada,354.39
2024-12-02,Canada,230.74
2024-12-03,Canada,351.0
2024-12-04,Canada,324.08
2024-12-05,Canada,385.13
2024-12-06,Canada,495.06
2024-12-07,Canada,297.51
2024-12-08,Canada,281.1
2024-12-09,Canada,387.67
2024-12-10,Canada,293.69
2024-12-11,Canada,352.22999999999996
2024-12-12,Canada,311.94
2024-12-13,Canada,440.32
2024-12-14,Canada,239.07
2024-12-15,Canada,351.62
2024-12-16,Canada,266.61
2024-12-17,Canada,361.6
2024-12-18,Canada,587.5400000000001
2024-12-19,Canada,448.73
2024-12-20,Canada,466.43
2024-12-21,Canada,204.42
2024-12-22,Canada,535.18
2024-12-23,Canada,599.88
2024-12-24,Canada,552.23
2024-12-25,Canada,516.93
2024-12-26,Canada,429.96000000000004
2024-12-27,Canada,569.3
2024-12-28,Canada,407.46000000000004
2024-12-29,Canada,456.95000000000005
2024-12-30,Canada,420.2
2024-12-31,Canada,470.68
2025-01-01,Canada,497.68
2025-01-02,Canada,257.66999999999996
2025-01-03,Canada,396.97
2025-01-04,Canada,350.28
2025-01-05,Canada,507.42
2025-01-06,Canada,460.35
2025-01-07,Canada,451.29999999999995
2025-01-08,Canada,473.95000000000005
2025-01-09,Canada,335.65
2025-01-10,Canada,373.28999999999996
2025-01-11,Canada,323.2
2025-01-12,Canada,368.9
2025-01-13,Canada,416.90999999999997
2025-01-14,Canada,370.92
2025-01-15,Canada,504.62
2025-01-16,Canada,408.69
2025-01-17,Canada,125.69999999999999
2025-01-18,Canada,219.53
2025-01-19,Canada,348.71
2025-01-20,Canada,742.46
2025-01-21,Canada,528.6899999999999
2025-01-22,Canada,388.2
2025-01-23,Canada,444.69
2025-01-24,Canada,357.23
2025-01-25,Canada,392.93
2025-01-26,Canada,382.28
2025-01-27,Canada,331.15000000000003
2025-01-28,Canada,448.57
2025-01-29,Canada,376.05
2025-01-30,Canada,469.86
2025-01-31,Canada,680.08
2025-02-01,Canada,399.46999999999997
2025-02-02,Canada,437.74
2025-02-03,Canada,403.09
2025-02-04,Canada,433.29
2025-02-05,Canada,559.11
2025-02-06,Canada,406.96000000000004
2025-02-07,Canada,696.25
2025-02-08,Canada,326.14
2025-02-09,Canada,372.98
2025-02-10,Canada,463.02
2025-02-11,Canada,392.68
2025-02-12,Canada,371.53000000000003
2025-02-13,Canada,583.9200000000001
2025-02-14,Canada,380.08
2025-02-15,Canada,485.48
2025-02-16,Canada,413.43
2025-02-17,Canada,671.9
2025-02-18,Canada,714.07
2025-02-19,Canada,717.22
2025-02-20,Canada,505.76
2025-02-21,Canada,586.17
2025-02-22,Canada,561.94
2025-02-23,Canada,604.55
2024-01-01,France,595.64
2024-01-02,France,432.42
2024-01-03,France,558.81
2024-01-04,France,616.58
2024-01-05,France,533.86
2024-01-06,France,451.23999999999995
2024-01-07,France,515.46
2024-01-08,France,522.28
2024-01-09,France,437.65
2024-01-10,France,404.69
2024-01-11,France,503.15
2024-01-12,France,429.37
2024-01-13,France,303.96
2024-01-14,France,376.14000000000004
2024-01-15,France,430.19
2024-01-16,France,528.02
2024-01-17,France,337.31
2024-01-18,France,388.9
2024-01-19,France,461.4
2024-01-20,France,520.6899999999999
2024-01-21,France,264.18
2024-01-22,France,547.9399999999999
2024-01-23,France,454.69
2024-01-24,France,451.16
2024-01-25,France,401.39
2024-01-26,France,456.9
2024-01-27,France,507.90999999999997
2024-01-28,France,468.85
2024-01-29,France,735.92
2024-01-30,France,550.66
2024-01-31,France,485.84
2024-02-01,France,478.89
2024-02-02,France,440.09000000000003
2024-02-03,France,348.99
2024-02-04,France,583.23
2024-02-05,France,611.25
2024-02-06,France,427.79
2024-02-07,France,508.51
2024-02-08,France,556.69
2024-02-09,France,411.26
2024-02-10,France,460.25
2024-02-11,France,405.95
2024-02-12,France,584.35
2024-02-13,France,519.46
2024-02-14,France,685.58
2024-02-15,France,402.89
2024-02-16,France,469.56
2024-02-17,France,483.37
2024-02-18,France,488.40999999999997
2024-02-19,France,354.82
2024-02-20,France,447.15
2024-02-21,France,456.24
2024-02-22,France,481.94
2024-02-23,France,367.45
2024-02-24,France,411.26
2024-02-25,France,473.85
2024-02-26,France,584.66
2024-02-27,France,608.51
2024-02-28,France,547.3
2024-02-29,France,407.33000000000004
2024-03-01,France,647.06
2024-03-02,France,314.86
2024-03-03,France,560.8
2024-03-04,France,456.43
2024-03-05,France,552.71
2024-03-06,France,557.5
2024-03-07,France,641.05
2024-03-08,France,416.97
2024-03-09,France,454.59000000000003
2024-03-10,France,516.14
2024-03-11,France,616.09
2024-03-12,France,370.83
2024-03-13,France,632.05
2024-03-14,France,359.3
2024-03-15,France,411.72
2024-03-16,France,579.39
2024-03-17,France,549.04
2024-03-18,France,608.58
2024-03-19,France,438.18
2024-03-20,France,342.47
2024-03-21,France,587.9300000000001
2024-03-22,France,348.77
2024-03-23,France,310.12
2024-03-24,France,488.1
2024-03-25,France,502.72
2024-03-26,France,522.13
2024-03-27,France,653.29
2024-03-28,France,386.52
2024-03-29,France,443.83000000000004
2024-03-30,France,512.65
2024-03-31,France,436.45000000000005
2024-04-01,France,449.25
2024-04-02,France,657.17
2024-04-03,France,441.39
2024-04-04,France,532.47
2024-04-05,France,442.67
2024-04-06,France,500.58
2024-04-07,France,470.08
2024-04-08,France,469.14
2024-04-09,France,542.63
2024-04-10,France,598.66
2024-04-11,France,467.51
2024-04-12,France,682.34
2024-04-13,France,510.74
2024-04-14,France,549.77
2024-07-29,France,505.93
2024-07-30,France,457.52
2024-07-31,France,225.85999999999999
2024-08-01,France,609.85
2024-08-02,France,502.76
2024-08-03,France,370.59999999999997
2024-08-04,France,477.43
2024-08-05,France,437.3
2024-08-06,France,538.7
2024-08-07,France,526.56
2024-08-08,France,578.5
2024-08-09,France,496.23
2024-08-10,France,437.19
2024-08-11,France,330.69
2024-08-12,France,458.40999999999997
2024-08-13,France,628.41
2024-08-14,France,550.0699999999999
2024-08-15,France,500.65999999999997
2024-08-16,France,482.69
2024-08-17,France,527.13
2024-08-18,France,374.57
2024-08-19,France,593.77
2024-08-20,France,416.35
2024-08-21,France,571.1
2024-08-22,France,570.75
2024-08-23,France,601.74
2024-08-24,France,435.34000000000003
2024-08-25,France,360.28
2024-08-26,France,556.41
2024-08-27,France,340.31
2024-08-28,France,665.27
2024-08-29,France,470.65
2024-08-30,France,529.39
2024-08-31,France,452.37
2024-09-01,France,415.97
2024-09-02,France,567.96
2024-09-03,France,525.24
2024-09-04,France,551.59
2024-09-05,France,353.06
2024-09-06,France,677.86
2024-09-07,France,358.73
2024-09-08,France,451.67
2024-09-09,France,494.92999999999995
2024-09-10,France,522.46
2024-09-11,France,302.85
2024-09-12,France,488.44
2024-09-13,France,405.48
2024-09-14,France,589.05
2024-09-15,France,256.94
2024-09-16,France,356.72
2024-09-17,France,420.76
2024-09-18,France,626.8
2024-09-19,France,467.65999999999997
2024-09-20,France,500.28000000000003
2024-09-21,France,408.36
2024-09-22,France,383.33
2024-09-23,France,429.17
2024-09-24,France,467.29
2024-09-25,France,322.59000000000003
2024-09-26,France,358.2
2024-09-27,France,349.89
2024-09-28,France,486.51
2024-09-29,France,556.15
2024-09-30,France,436.96
2024-10-01,France,556.9300000000001
2024-10-02,France,583.68
2024-10-03,France,648.76
2024-10-04,France,741.76
2024-10-05,France,470.65
2024-10-06,France,260.31
2024-10-07,France,474.64
2024-10-08,France,328.3
2024-10-09,France,580.18
2024-10-10,France,419.28999999999996
2024-10-11,France,538.32
2024-10-12,France,376.02
2024-10-13,France,412.82
2024-10-14,France,595.67
2024-10-15,France,487.57
2024-10-16,France,543.9399999999999
2024-10-17,France,289.79
2024-10-18,France,377.38
2024-10-19,France,537.59
2024-10-20,France,489.65
2024-10-21,France,392.45
2024-10-22,France,553.99
2024-10-23,France,804.67
2024-10-24,France,553.02
2024-10-25,France,499.27
2024-10-26,France,497.1
2024-10-27,France,500.05
2024-10-28,France,797.31
2024-10-29,France,477.75
2024-10-30,France,378.86
2024-10-31,France,625.89
2024-11-01,France,624.97
2024-11-02,France,555.71
2024-11-03,France,634.08
2024-11-04,France,541.28
2024-11-05,France,525.1800000000001
2024-11-06,France,416.87
2024-11-07,France,479.96999999999997
2024-11-08,France,633.41
2024-11-09,France,288.44
2024-11-10,France,441.62
2024-11-11,France,571.52
2024-11-12,France,571.45
2024-11-13,France,577.15
2024-11-14,France,538.07
2024-11-15,France,300.16999999999996
2024-11-16,France,366.27
2024-11-17,France,636.86
2024-11-18,France,523.6
2024-11-19,France,551.64
2024-11-20,France,664.15
2024-11-21,France,596.68
2024-11-22,France,581.09
2024-11-23,France,568.1899999999999
2024-11-24,France,555.49
2024-11-25,France,636.73
2024-11-26,France,412.68
2024-11-27,France,801.16
2024-11-28,France,649.86
2024-11-29,France,552.77
2024-11-30,France,542.03
2024-12-01,France,290.35
2024-12-02,France,477.21
2024-12-03,France,484.33
2024-12-04,France,304.54
2024-12-05,France,318.66999999999996
2024-12-06,France,433.21
2024-12-07,France,487.16999999999996
2024-12-08,France,610.69
2024-12-09,France,496.45
2024-12-10,France,593.53
2024-12-11,France,700.6
2024-12-12,France,734.2
2024-12-13,France,618.63
2024-12-14,France,461.68
2024-12-15,France,583.58
2024-12-16,France,683.08
2024-12-17,France,630.92
2024-12-18,France,563.89
2024-12-19,France,492.77
2024-12-20,France,779.36
2024-12-21,France,555.12
2024-12-22,France,384.09
2024-12-23,France,523.02
2024-12-24,France,766.82
2024-12-25,France,587.36
2024-12-26,France,417.47
2024-12-27,France,574.5
2024-12-28,France,532.32
2024-12-29,France,452.81
2024-12-30,France,747.2
2024-12-31,France,409.71999999999997
2025-01-01,France,534.99
2025-01-02,France,534.26
2025-01-03,France,265.55
2025-01-04,France,515.26
2025-01-05,France,469.87
2025-01-06,France,423.16
2025-01-07,France,490.95
2025-01-08,France,693.98
2025-01-09,France,388.49
2025-01-10,France,625.0699999999999
2025-01-11,France,422.47
2025-01-12,France,478.21
2025-01-13,France,571.89
2025-01-14,France,573.35
2025-01-15,France,775.61
2025-01-16,France,591.28
2025-01-17,France,444.08
2025-01-18,France,468.71000000000004
2025-01-19,France,446.19
2025-01-20,France,771.4399999999999
2025-01-21,France,497.73999999999995
2025-01-22,France,654.33
2025-01-23,France,558.78
2025-01-24,France,767.4100000000001
2025-01-25,France,440.38
2025-01-26,France,656.52
2025-01-27,France,561.7
2025-01-28,France,582.28
2025-01-29,France,522.34
2025-01-30,France,670.02
2025-01-31,France,403.3
2025-02-01,France,648.92
2025-02-02,France,662.54
2025-02-03,France,435.35
2025-02-04,France,636.29
2025-02-05,France,443.42
2025-02-06,France,655.17
2025-02-07,France,715.7199999999999
2025-02-08,France,642.94
2025-02-09,France,438.19
2025-02-10,France,675.4000000000001
2025-02-11,France,551.99
2025-02-12,France,780.1600000000001
2025-02-13,France,520.54
2025-02-14,France,590.91
2025-02-15,France,654.23
2025-02-16,France,574.1
2025-02-17,France,821.6
2025-02-18,France,592.81
2025-02-19,France,676.54
2025-02-20,France,837.6
2025-02-21,France,527.05
2025-02-22,France,766.7
2025-02-23,France,624.63
2024-01-01,Germany,574.45
2024-01-02,Germany,409.23
2024-01-03,Germany,648.24
2024-01-04,Germany,497.99999999999994
2024-01-05,Germany,570.62
2024-01-06,Germany,318.18
2024-01-07,Germany,350.44
2024-01-08,Germany,667.28
2024-01-09,Germany,466.8
2024-01-10,Germany,488.77
2024-01-11,Germany,434.09
2024-01-12,Germany,506.29999999999995
2024-01-13,Germany,406.82
2024-01-14,Germany,385.47
2024-01-15,Germany,445.13
2024-01-16,Germany,459.79999999999995
2024-01-17,Germany,383.04999999999995
2024-01-18,Germany,622.4200000000001
2024-01-19,Germany,578.61
2024-01-20,Germany,581.08
2024-01-21,Germany,436.85
2024-01-22,Germany,446.6
2024-01-23,Germany,639.59
2024-01-24,Germany,317.21
2024-01-25,Germany,655.15
2024-01-26,Germany,616.6999999999999
2024-01-27,Germany,592.1
2024-01-28,Germany,502.75
2024-01-29,Germany,582.07
2024-01-30,Germany,381.98
2024-01-31,Germany,291.55
2024-02-01,Germany,658.01
2024-02-02,Germany,632.54
2024-02-03,Germany,451.57
2024-02-04,Germany,654.59
2024-02-05,Germany,495.83000000000004
2024-02-06,Germany,439.95
2024-02-07,Germany,506.07
2024-02-08,Germany,480.58
2024-02-09,Germany,408.71
2024-02-10,Germany,430.69
2024-02-11,Germany,467.05
2024-02-12,Germany,672.5
2024-02-13,Germany,578.6999999999999
2024-02-14,Germany,561.85
2024-02-15,Germany,532.14
2024-02-16,Germany,395.81
2024-02-17,Germany,338.17
2024-02-18,Germany,433.78999999999996
2024-02-19,Germany,320.16
2024-02-20,Germany,408.8
2024-02-21,Germany,687.84
2024-02-22,Germany,471.82
2024-02-23,Germany,662.62
2024-02-24,Germany,513.39
2024-02-25,Germany,492.03
2024-02-26,Germany,495.16
2024-02-27,Germany,708.3199999999999
2024-02-28,Germany,552.97
2024-02-29,Germany,434.61
2024-03-01,Germany,521.62
2024-03-02,Germany,580.1700000000001
2024-03-03,Germany,266.88
2024-03-04,Germany,610.6899999999999
2024-03-05,Germany,658.0699999999999
2024-03-06,Germany,412.9
2024-03-07,Germany,683.51
2024-03-08,Germany,508.52
2024-03-09,Germany,466.58
2024-03-10,Germany,585.9
2024-03-11,Germany,513.04
2024-03-12,Germany,520.12
2024-03-13,Germany,617.03
2024-03-14,Germany,768.8000000000001
2024-03-15,Germany,678.03
2024-03-16,Germany,282.34000000000003
2024-03-17,Germany,595.13
2024-03-18,Germany,464.15
2024-03-19,Germany,451.44
2024-03-20,Germany,562.46
2024-03-21,Germany,601.4399999999999
2024-03-22,Germany,650.39
2024-03-23,Germany,507.68
2024-03-24,Germany,697.2
2024-03-25,Germany,629.72
2024-03-26,Germany,523.54
2024-03-27,Germany,531.59
2024-03-28,Germany,545.0
2024-03-29,Germany,656.01
2024-03-30,Germany,496.59000000000003
2024-03-31,Germany,567.95
2024-04-01,Germany,716.15
2024-04-02,Germany,902.71
2024-04-03,Germany,513.58
2024-04-04,Germany,640.69
2024-04-05,Germany,678.88
2024-04-06,Germany,314.83
2024-04-07,Germany,552.47
2024-04-08,Germany,463.14
2024-04-09,Germany,792.52
2024-04-10,Germany,600.3800000000001
2024-04-11,Germany,585.12
2024-04-12,Germany,610.97
2024-04-13,Germany,479.46000000000004
2024-04-14,Germany,453.7
2024-07-29,Germany,653.74
2024-07-30,Germany,668.48
2024-07-31,Germany,510.91999999999996
2024-08-01,Germany,518.42
2024-08-02,Germany,596.27
2024-08-03,Germany,598.97
2024-08-04,Germany,569.6899999999999
2024-08-05,Germany,467.65
2024-08-06,Germany,654.81
2024-08-07,Germany,635.14
2024-08-08,Germany,615.3000000000001
2024-08-09,Germany,581.9499999999999
2024-08-10,Germany,651.66
2024-08-11,Germany,289.19
2024-08-12,Germany,736.55
2024-08-13,Germany,831.87
2024-08-14,Germany,506.71
2024-08-15,Germany,703.58
2024-08-16,Germany,572.44
2024-08-17,Germany,483.87
2024-08-18,Germany,419.54
2024-08-19,Germany,706.36
2024-08-20,Germany,583.78
2024-08-21,Germany,354.28
2024-08-22,Germany,589.67
2024-08-23,Germany,645.45
2024-08-24,Germany,544.39
2024-08-25,Germany,518.38
2024-08-26,Germany,736.93
2024-08-27,Germany,718.03
2024-08-28,Germany,672.8399999999999
2024-08-29,Germany,591.36
2024-08-30,Germany,594.36
2024-08-31,Germany,607.19
2024-09-01,Germany,335.64
2024-09-02,Germany,517.6600000000001
2024-09-03,Germany,530.06
2024-09-04,Germany,631.18
2024-09-05,Germany,613.06
2024-09-06,Germany,520.2800000000001
2024-09-07,Germany,427.86
2024-09-08,Germany,438.56
2024-09-09,Germany,662.88
2024-09-10,Germany,208.87
2024-09-11,Germany,521.21
2024-09-12,Germany,449.2
2024-09-13,Germany,463.39
2024-09-14,Germany,370.81
2024-09-15,Germany,469.12
2024-09-16,Germany,513.9300000000001
2024-09-17,Germany,555.17
2024-09-18,Germany,467.57
2024-09-19,Germany,717.73
2024-09-20,Germany,542.25
2024-09-21,Germany,560.19
2024-09-22,Germany,628.3299999999999
2024-09-23,Germany,609.24
2024-09-24,Germany,602.68
2024-09-25,Germany,524.01
2024-09-26,Germany,581.2
2024-09-27,Germany,327.02
2024-09-28,Germany,545.42
2024-09-29,Germany,348.66
2024-09-30,Germany,762.75
2024-10-01,Germany,609.19
2024-10-02,Germany,558.65
2024-10-03,Germany,721.13
2024-10-04,Germany,776.67
2024-10-05,Germany,382.65
2024-10-06,Germany,516.44
2024-10-07,Germany,410.03
2024-10-08,Germany,550.01
2024-10-09,Germany,699.77
2024-10-10,Germany,495.12
2024-10-11,Germany,608.81
2024-10-12,Germany,445.54
2024-10-13,Germany,460.83
2024-10-14,Germany,415.39
2024-10-15,Germany,223.85000000000002
2024-10-16,Germany,620.81
2024-10-17,Germany,634.85
2024-10-18,Germany,636.75
2024-10-19,Germany,557.02
2024-10-20,Germany,301.77
2024-10-21,Germany,550.89
2024-10-22,Germany,517.28
2024-10-23,Germany,601.1
2024-10-24,Germany,391.28999999999996
2024-10-25,Germany,665.69
2024-10-26,Germany,461.84000000000003
2024-10-27,Germany,647.47
2024-10-28,Germany,541.92
2024-10-29,Germany,665.6
2024-10-30,Germany,576.5500000000001
2024-10-31,Germany,554.0300000000001
2024-11-01,Germany,416.28999999999996
2024-11-02,Germany,313.7
2024-11-03,Germany,439.13
2024-11-04,Germany,667.0699999999999
2024-11-05,Germany,813.43
2024-11-06,Germany,823.23
2024-11-07,Germany,430.0
2024-11-08,Germany,677.15
2024-11-09,Germany,595.01
2024-11-10,Germany,550.54
2024-11-11,Germany,586.93
2024-11-12,Germany,742.9
2024-11-13,Germany,452.01
2024-11-14,Germany,349.92
2024-11-15,Germany,620.72
2024-11-16,Germany,477.09000000000003
2024-11-17,Germany,595.95
2024-11-18,Germany,584.5600000000001
2024-11-19,Germany,761.12
2024-11-20,Germany,794.3
2024-11-21,Germany,368.14
2024-11-22,Germany,657.6
2024-11-23,Germany,487.83000000000004
2024-11-24,Germany,704.18
2024-11-25,Germany,731.53
2024-11-26,Germany,693.58
2024-11-27,Germany,663.42
2024-11-28,Germany,572.06
2024-11-29,Germany,791.38
2024-11-30,Germany,287.55
2024-12-01,Germany,556.67
2024-12-02,Germany,509.79
2024-12-03,Germany,733.69
2024-12-04,Germany,655.37
2024-12-05,Germany,646.65
2024-12-06,Germany,666.8199999999999
2024-12-07,Germany,491.87
2024-12-08,Germany,584.54
2024-12-09,Germany,451.48
2024-12-10,Germany,647.3000000000001
2024-12-11,Germany,372.29999999999995
2024-12-12,Germany,501.34000000000003
2024-12-13,Germany,687.6700000000001
2024-12-14,Germany,647.9
2024-12-15,Germany,625.13
2024-12-16,Germany,548.45
2024-12-17,Germany,891.29
2024-12-18,Germany,726.12
2024-12-19,Germany,681.27
2024-12-20,Germany,607.15
2024-12-21,Germany,513.14
2024-12-22,Germany,501.44
2024-12-23,Germany,459.75
2024-12-24,Germany,840.4699999999999
2024-12-25,Germany,941.3499999999999
2024-12-26,Germany,737.1700000000001
2024-12-27,Germany,757.38
2024-12-28,Germany,722.02
2024-12-29,Germany,644.2
2024-12-30,Germany,634.77
2024-12-31,Germany,631.15
2025-01-01,Germany,680.85
2025-01-02,Germany,631.57
2025-01-03,Germany,752.46
2025-01-04,Germany,555.25
2025-01-05,Germany,499.91
2025-01-06,Germany,808.49
2025-01-07,Germany,575.99
2025-01-08,Germany,567.7
2025-01-09,Germany,837.6899999999999
2025-01-10,Germany,837.22
2025-01-11,Germany,627.79
2025-01-12,Germany,610.63
2025-01-13,Germany,931.82
2025-01-14,Germany,663.65
2025-01-15,Germany,921.3199999999999
2025-01-16,Germany,434.25
2025-01-17,Germany,484.33
2025-01-18,Germany,428.45
2025-01-19,Germany,448.67
2025-01-20,Germany,808.02
2025-01-21,Germany,720.92
2025-01-22,Germany,541.1899999999999
2025-01-23,Germany,785.74
2025-01-24,Germany,594.1
2025-01-25,Germany,793.51
2025-01-26,Germany,753.88
2025-01-27,Germany,707.08
2025-01-28,Germany,882.38
2025-01-29,Germany,829.14
2025-01-30,Germany,802.96
2025-01-31,Germany,611.35
2025-02-01,Germany,545.78
2025-02-02,Germany,584.8199999999999
2025-02-03,Germany,784.21
2025-02-04,Germany,864.5
2025-02-05,Germany,716.02
2025-02-06,Germany,774.46
2025-02-07,Germany,539.03
2025-02-08,Germany,624.9
2025-02-09,Germany,727.87
2025-02-10,Germany,703.74
2025-02-11,Germany,817.04
2025-02-12,Germany,409.65
2025-02-13,Germany,818.1
2025-02-14,Germany,1121.08
2025-02-15,Germany,610.22
2025-02-16,Germany,425.95
2025-02-17,Germany,797.76
2025-02-18,Germany,842.41
2025-02-19,Germany,635.6600000000001
2025-02-20,Germany,743.94
2025-02-21,Germany,810.37
2025-02-22,Germany,650.4499999999999
2025-02-23,Germany,632.68
2024-01-01,United Kingdom,552.2
2024-01-02,United Kingdom,550.9300000000001
2024-01-03,United Kingdom,557.25
2024-01-04,United Kingdom,747.72
2024-01-05,United Kingdom,781.67
2024-01-06,United Kingdom,491.15000000000003
2024-01-07,United Kingdom,414.88
2024-01-08,United Kingdom,515.75
2024-01-09,United Kingdom,704.88
2024-01-10,United Kingdom,672.9399999999999
2024-01-11,United Kingdom,420.19
2024-01-12,United Kingdom,662.94
2024-01-13,United Kingdom,514.69
2024-01-14,United Kingdom,473.55
2024-01-15,United Kingdom,636.04
2024-01-16,United Kingdom,536.5
2024-01-17,United Kingdom,342.9
2024-01-18,United Kingdom,609.4
2024-01-19,United Kingdom,653.46
2024-01-20,United Kingdom,660.84
2024-01-21,United Kingdom,508.27
2024-01-22,United Kingdom,540.92
2024-01-23,United Kingdom,576.3
2024-01-24,United Kingdom,577.45
2024-01-25,United Kingdom,743.29
2024-01-26,United Kingdom,647.3299999999999
2024-01-27,United Kingdom,447.69
2024-01-28,United Kingdom,438.73
2024-01-29,United Kingdom,638.06
2024-01-30,United Kingdom,527.92
2024-01-31,United Kingdom,804.84
2024-02-01,United Kingdom,771.43
2024-02-02,United Kingdom,601.4399999999999
2024-02-03,United Kingdom,668.5699999999999
2024-02-04,United Kingdom,736.35
2024-02-05,United Kingdom,785.5799999999999
2024-02-06,United Kingdom,783.4399999999999
2024-02-07,United Kingdom,831.71
2024-02-08,United Kingdom,651.33
2024-02-09,United Kingdom,408.6
2024-02-10,United Kingdom,624.2
2024-02-11,United Kingdom,673.16
2024-02-12,United Kingdom,594.11
2024-02-13,United Kingdom,517.17
2024-02-14,United Kingdom,680.8
2024-02-15,United Kingdom,332.14
2024-02-16,United Kingdom,430.77
2024-02-17,United Kingdom,527.27
2024-02-18,United Kingdom,434.21999999999997
2024-02-19,United Kingdom,661.59
2024-02-20,United Kingdom,659.04
2024-02-21,United Kingdom,567.01
2024-02-22,United Kingdom,547.44
2024-02-23,United Kingdom,573.44
2024-02-24,United Kingdom,517.74
2024-02-25,United Kingdom,735.62
2024-02-26,United Kingdom,603.43
2024-02-27,United Kingdom,827.55
2024-02-28,United Kingdom,765.64
2024-02-29,United Kingdom,445.21
2024-03-01,United Kingdom,809.1700000000001
2024-03-02,United Kingdom,728.46
2024-03-03,United Kingdom,706.6800000000001
2024-03-04,United Kingdom,762.99
2024-03-05,United Kingdom,776.23
2024-03-06,United Kingdom,549.77
2024-03-07,United Kingdom,488.40999999999997
2024-03-08,United Kingdom,832.98
2024-03-09,United Kingdom,395.46999999999997
2024-03-10,United Kingdom,688.05
2024-03-11,United Kingdom,507.71
2024-03-12,United Kingdom,650.4200000000001
2024-03-13,United Kingdom,603.51
2024-03-14,United Kingdom,489.33000000000004
2024-03-15,United Kingdom,691.68
2024-03-16,United Kingdom,686.27
2024-03-17,United Kingdom,714.65
2024-03-18,United Kingdom,783.83
2024-03-19,United Kingdom,536.83
2024-03-20,United Kingdom,783.34
2024-03-21,United Kingdom,688.17
2024-03-22,United Kingdom,975.15
2024-03-23,United Kingdom,581.46
2024-03-24,United Kingdom,787.06
2024-03-25,United Kingdom,767.65
2024-03-26,United Kingdom,781.01
2024-03-27,United Kingdom,681.09
2024-03-28,United Kingdom,856.96
2024-03-29,United Kingdom,955.95
2024-03-30,United Kingdom,641.03
2024-03-31,United Kingdom,406.64
2024-04-01,United Kingdom,762.13
2024-04-02,United Kingdom,613.59
2024-04-03,United Kingdom,797.44
2024-04-04,United Kingdom,593.61
2024-04-05,United Kingdom,718.37
2024-04-06,United Kingdom,575.95
2024-04-07,United Kingdom,581.84
2024-04-08,United Kingdom,766.1700000000001
2024-04-09,United Kingdom,851.48
2024-04-10,United Kingdom,829.55
2024-04-11,United Kingdom,809.67
2024-04-12,United Kingdom,697.12
2024-04-13,United Kingdom,595.28
2024-04-14,United Kingdom,663.42
2024-07-29,United Kingdom,1009.63
2024-07-30,United Kingdom,650.46
2024-07-31,United Kingdom,746.6300000000001
2024-08-01,United Kingdom,749.74
2024-08-02,United Kingdom,620.07
2024-08-03,United Kingdom,378.05
2024-08-04,United Kingdom,628.5699999999999
2024-08-05,United Kingdom,825.95
2024-08-06,United Kingdom,840.23
2024-08-07,United Kingdom,713.3199999999999
2024-08-08,United Kingdom,758.96
2024-08-09,United Kingdom,500.26
2024-08-10,United Kingdom,830.44
2024-08-11,United Kingdom,611.93
2024-08-12,United Kingdom,782.51
2024-08-13,United Kingdom,724.66
2024-08-14,United Kingdom,627.25
2024-08-15,United Kingdom,692.12
2024-08-16,United Kingdom,433.15
2024-08-17,United Kingdom,537.41
2024-08-18,United Kingdom,600.39
2024-08-19,United Kingdom,708.5699999999999
2024-08-20,United Kingdom,719.25
2024-08-21,United Kingdom,786.62
2024-08-22,United Kingdom,976.89
2024-08-23,United Kingdom,576.99
2024-08-24,United Kingdom,458.51
2024-08-25,United Kingdom,551.92
2024-08-26,United Kingdom,635.8
2024-08-27,United Kingdom,703.77
2024-08-28,United Kingdom,780.42
2024-08-29,United Kingdom,568.65
2024-08-30,United Kingdom,941.22
2024-08-31,United Kingdom,293.74
2024-09-01,United Kingdom,638.08
2024-09-02,United Kingdom,828.4
2024-09-03,United Kingdom,727.41
2024-09-04,United Kingdom,751.51
2024-09-05,United Kingdom,359.19
2024-09-06,United Kingdom,453.44
2024-09-07,United Kingdom,543.51
2024-09-08,United Kingdom,470.59000000000003
2024-09-09,United Kingdom,703.88
2024-09-10,United Kingdom,693.0799999999999
2024-09-11,United Kingdom,599.37
2024-09-12,United Kingdom,645.74
2024-09-13,United Kingdom,417.17
2024-09-14,United Kingdom,618.59
2024-09-15,United Kingdom,626.57
2024-09-16,United Kingdom,692.23
2024-09-17,United Kingdom,848.34
2024-09-18,United Kingdom,948.25
2024-09-19,United Kingdom,652.1
2024-09-20,United Kingdom,645.8000000000001
2024-09-21,United Kingdom,673.8100000000001
2024-09-22,United Kingdom,409.0
2024-09-23,United Kingdom,738.23
2024-09-24,United Kingdom,483.53999999999996
2024-09-25,United Kingdom,519.8299999999999
2024-09-26,United Kingdom,623.14
2024-09-27,United Kingdom,353.53000000000003
2024-09-28,United Kingdom,893.9399999999999
2024-09-29,United Kingdom,597.8199999999999
2024-09-30,United Kingdom,840.8299999999999
2024-10-01,United Kingdom,688.46
2024-10-02,United Kingdom,789.91
2024-10-03,United Kingdom,759.69
2024-10-04,United Kingdom,659.33
2024-10-05,United Kingdom,630.2
2024-10-06,United Kingdom,481.34
2024-10-07,United Kingdom,731.24
2024-10-08,United Kingdom,702.79
2024-10-09,United Kingdom,487.83
2024-10-10,United Kingdom,399.56
2024-10-11,United Kingdom,562.93
2024-10-12,United Kingdom,653.59
2024-10-13,United Kingdom,572.05
2024-10-14,United Kingdom,510.35
2024-10-15,United Kingdom,798.27
2024-10-16,United Kingdom,584.68
2024-10-17,United Kingdom,604.17
2024-10-18,United Kingdom,468.22
2024-10-19,United Kingdom,677.75
2024-10-20,United Kingdom,664.23
2024-10-21,United Kingdom,802.04
2024-10-22,United Kingdom,591.18
2024-10-23,United Kingdom,645.76
2024-10-24,United Kingdom,833.9399999999999
2024-10-25,United Kingdom,615.03
2024-10-26,United Kingdom,808.38
2024-10-27,United Kingdom,550.98
2024-10-28,United Kingdom,911.99
2024-10-29,United Kingdom,881.77
2024-10-30,United Kingdom,784.79
2024-10-31,United Kingdom,652.9
2024-11-01,United Kingdom,589.96
2024-11-02,United Kingdom,695.96
2024-11-03,United Kingdom,647.26
2024-11-04,United Kingdom,868.79
2024-11-05,United Kingdom,328.82
2024-11-06,United Kingdom,637.1
2024-11-07,United Kingdom,563.1800000000001
2024-11-08,United Kingdom,582.88
2024-11-09,United Kingdom,613.62
2024-11-10,United Kingdom,684.55
2024-11-11,United Kingdom,630.5899999999999
2024-11-12,United Kingdom,544.53
2024-11-13,United Kingdom,697.51
2024-11-14,United Kingdom,325.65
2024-11-15,United Kingdom,639.0699999999999
2024-11-16,United Kingdom,870.72
2024-11-17,United Kingdom,605.99
2024-11-18,United Kingdom,948.03
2024-11-19,United Kingdom,970.61
2024-11-20,United Kingdom,679.65
2024-11-21,United Kingdom,815.26
2024-11-22,United Kingdom,570.91
2024-11-23,United Kingdom,819.77
2024-11-24,United Kingdom,636.39
2024-11-25,United Kingdom,886.04
2024-11-26,United Kingdom,722.75
2024-11-27,United Kingdom,748.97
2024-11-28,United Kingdom,909.9
2024-11-29,United Kingdom,564.1700000000001
2024-11-30,United Kingdom,614.34
2024-12-01,United Kingdom,409.68
2024-12-02,United Kingdom,547.22
2024-12-03,United Kingdom,704.17
2024-12-04,United Kingdom,632.61
2024-12-05,United Kingdom,736.63
2024-12-06,United Kingdom,573.94
2024-12-07,United Kingdom,478.11
2024-12-08,United Kingdom,547.3499999999999
2024-12-09,United Kingdom,759.65
2024-12-10,United Kingdom,544.18
2024-12-11,United Kingdom,663.35
2024-12-12,United Kingdom,709.17
2024-12-13,United Kingdom,771.48
2024-12-14,United Kingdom,562.63
2024-12-15,United Kingdom,513.0
2024-12-16,United Kingdom,756.3199999999999
2024-12-17,United Kingdom,692.4200000000001
2024-12-18,United Kingdom,847.4
2024-12-19,United Kingdom,688.63
2024-12-20,United Kingdom,965.69
2024-12-21,United Kingdom,541.48
2024-12-22,United Kingdom,431.73
2024-12-23,United Kingdom,810.67
2024-12-24,United Kingdom,840.9
2024-12-25,United Kingdom,683.47
2024-12-26,United Kingdom,846.66
2024-12-27,United Kingdom,469.06
2024-12-28,United Kingdom,692.53
2024-12-29,United Kingdom,991.89
2024-12-30,United Kingdom,743.8299999999999
2024-12-31,United Kingdom,727.26
2025-01-01,United Kingdom,891.4
2025-01-02,United Kingdom,1000.51
2025-01-03,United Kingdom,618.24
2025-01-04,United Kingdom,573.5600000000001
2025-01-05,United Kingdom,604.5699999999999
2025-01-06,United Kingdom,463.79999999999995
2025-01-07,United Kingdom,754.21
2025-01-08,United Kingdom,606.38
2025-01-09,United Kingdom,732.87
2025-01-10,United Kingdom,828.21
2025-01-11,United Kingdom,321.93999999999994
2025-01-12,United Kingdom,587.56
2025-01-13,United Kingdom,906.8000000000001
2025-01-14,United Kingdom,875.62
2025-01-15,United Kingdom,667.53
2025-01-16,United Kingdom,515.5
2025-01-17,United Kingdom,814.23
2025-01-18,United Kingdom,621.1
2025-01-19,United Kingdom,550.7
2025-01-20,United Kingdom,895.89
2025-01-21,United Kingdom,1005.87
2025-01-22,United Kingdom,836.3299999999999
2025-01-23,United Kingdom,1071.6100000000001
2025-01-24,United Kingdom,926.33
2025-01-25,United Kingdom,985.8
2025-01-26,United Kingdom,877.59
2025-01-27,United Kingdom,662.35
2025-01-28,United Kingdom,859.62
2025-01-29,United Kingdom,1036.7
2025-01-30,United Kingdom,898.8
2025-01-31,United Kingdom,875.1600000000001
2025-02-01,United Kingdom,680.74
2025-02-02,United Kingdom,640.53
2025-02-03,United Kingdom,592.55
2025-02-04,United Kingdom,910.89
2025-02-05,United Kingdom,779.8
2025-02-06,United Kingdom,764.27
2025-02-07,United Kingdom,717.85
2025-02-08,United Kingdom,752.83
2025-02-09,United Kingdom,613.34
2025-02-10,United Kingdom,820.95
2025-02-11,United Kingdom,808.99
2025-02-12,United Kingdom,889.1700000000001
2025-02-13,United Kingdom,973.22
2025-02-14,United Kingdom,977.52
2025-02-15,United Kingdom,612.3
2025-02-16,United Kingdom,682.29
2025-02-17,United Kingdom,930.69
2025-02-18,United Kingdom,820.8
2025-02-19,United Kingdom,987.01
2025-02-20,United Kingdom,1261.07
2025-02-21,United Kingdom,1133.52
2025-02-22,United Kingdom,999.16
2025-02-23,United Kingdom,972.4200000000001
