country,model,mae,rmse
Australia,baseline_7day_mean,94.26007142857141,111.32204937709781
Australia,random_forest,97.40816588549183,115.52930928559567
Australia,extra_trees,94.69916423611109,111.57318509292553
Canada,baseline_7day_mean,97.56442857142858,122.71278339176855
Canada,random_forest,90.83624751074734,127.42590345126324
Canada,extra_trees,102.5093127083333,138.70628107775315
France,baseline_7day_mean,102.27045238095238,123.85208178584273
France,random_forest,118.23877221726188,144.95302617042228
France,extra_trees,117.83087083333331,146.77299029546825
Germany,baseline_7day_mean,119.69776190476192,147.7608952466167
Germany,random_forest,172.05440449818124,206.9176328892821
Germany,extra_trees,164.19793666666664,198.8040462690861
United Kingdom,baseline_7day_mean,165.4668095238095,199.96280051345462
United Kingdom,random_forest,172.01652466187164,217.56795340246273
United Kingdom,extra_trees,193.33024409722228,242.51111902510266
